{"cameraMode":{"drawMode":0,"name":"Shaded","section":"Shading Mode"},"sceneLighting":false,"audioPlay":false,"sceneViewState":{"showFog":false,"showMaterialUpdate":false,"showSkybox":false,"showFlares":false,"showImageEffects":false,"showParticleSystems":false},"in2DMode":false,"pivot":{"x":-1.0012550354003907,"y":6.134754180908203,"z":-1.145079493522644},"rotation":{"x":-0.005564579740166664,"y":0.9941113591194153,"z":-0.08820932358503342,"w":-0.06271202117204666},"size":9.700002670288086,"orthographic":false}